INSERT INTO Plantes (CapacitatHabitacions) VALUES (10);
INSERT INTO Plantes (CapacitatHabitacions) VALUES (15);
INSERT INTO Plantes (CapacitatHabitacions) VALUES (20);
INSERT INTO Plantes (CapacitatHabitacions) VALUES (20);
INSERT INTO Plantes (CapacitatHabitacions) VALUES (10);
INSERT INTO Plantes (CapacitatHabitacions) VALUES (10);
INSERT INTO Plantes (CapacitatHabitacions) VALUES (30);
INSERT INTO Plantes (CapacitatHabitacions) VALUES (25);
INSERT INTO Plantes (CapacitatHabitacions) VALUES (5);

INSERT INTO Habitacions (CodiHabitacio, PlantaId, CapacitatLlits) VALUES (101, 1, 2);
INSERT INTO Habitacions (CodiHabitacio, PlantaId, CapacitatLlits) VALUES (102, 1, 2);
INSERT INTO Habitacions (CodiHabitacio, PlantaId, CapacitatLlits) VALUES (103, 1, 2);
INSERT INTO Habitacions (CodiHabitacio, PlantaId, CapacitatLlits) VALUES (104, 1, 2);
INSERT INTO Habitacions (CodiHabitacio, PlantaId, CapacitatLlits) VALUES (105, 1, 2);
INSERT INTO Habitacions (CodiHabitacio, PlantaId, CapacitatLlits) VALUES (106, 1, 2);
INSERT INTO Habitacions (CodiHabitacio, PlantaId, CapacitatLlits) VALUES (107, 1, 2);
INSERT INTO Habitacions (CodiHabitacio, PlantaId, CapacitatLlits) VALUES (108, 1, 2);
INSERT INTO Habitacions (CodiHabitacio, PlantaId, CapacitatLlits) VALUES (109, 1, 2);
INSERT INTO Habitacions (CodiHabitacio, PlantaId, CapacitatLlits) VALUES (201, 2, 2);
INSERT INTO Habitacions (CodiHabitacio, PlantaId, CapacitatLlits) VALUES (202, 2, 2);
INSERT INTO Habitacions (CodiHabitacio, PlantaId, CapacitatLlits) VALUES (203, 2, 2);
INSERT INTO Habitacions (CodiHabitacio, PlantaId, CapacitatLlits) VALUES (204, 2, 2);
INSERT INTO Habitacions (CodiHabitacio, PlantaId, CapacitatLlits) VALUES (205, 2, 2);
INSERT INTO Habitacions (CodiHabitacio, PlantaId, CapacitatLlits) VALUES (206, 2, 2);
INSERT INTO Habitacions (CodiHabitacio, PlantaId, CapacitatLlits) VALUES (207, 2, 2);
INSERT INTO Habitacions (CodiHabitacio, PlantaId, CapacitatLlits) VALUES (208, 2, 2);
INSERT INTO Habitacions (CodiHabitacio, PlantaId, CapacitatLlits) VALUES (209, 2, 2);
INSERT INTO Habitacions (CodiHabitacio, PlantaId, CapacitatLlits) VALUES (301, 3, 2);
INSERT INTO Habitacions (CodiHabitacio, PlantaId, CapacitatLlits) VALUES (302, 3, 2);
INSERT INTO Habitacions (CodiHabitacio, PlantaId, CapacitatLlits) VALUES (303, 3, 2);
INSERT INTO Habitacions (CodiHabitacio, PlantaId, CapacitatLlits) VALUES (304, 3, 2);
INSERT INTO Habitacions (CodiHabitacio, PlantaId, CapacitatLlits) VALUES (305, 3, 2);
INSERT INTO Habitacions (CodiHabitacio, PlantaId, CapacitatLlits) VALUES (306, 3, 2);
INSERT INTO Habitacions (CodiHabitacio, PlantaId, CapacitatLlits) VALUES (307, 3, 2);
INSERT INTO Habitacions (CodiHabitacio, PlantaId, CapacitatLlits) VALUES (308, 3, 2);
INSERT INTO Habitacions (CodiHabitacio, PlantaId, CapacitatLlits) VALUES (309, 3, 2);
INSERT INTO Habitacions (CodiHabitacio, PlantaId, CapacitatLlits) VALUES (310, 3, 2);
INSERT INTO Habitacions (CodiHabitacio, PlantaId, CapacitatLlits) VALUES (311, 3, 2);
INSERT INTO Habitacions (CodiHabitacio, PlantaId, CapacitatLlits) VALUES (312, 3, 2);
INSERT INTO Habitacions (CodiHabitacio, PlantaId, CapacitatLlits) VALUES (401, 4, 2);


INSERT INTO Llits (CodiLlit, Ocupat, ForaDeServei, HabitacioId) VALUES ('101A', 0, 0, 101);
INSERT INTO Llits (CodiLlit, Ocupat, ForaDeServei, HabitacioId) VALUES ('101B', 1, 0, 101);
INSERT INTO Llits (CodiLlit, Ocupat, ForaDeServei, HabitacioId) VALUES ('102A', 0, 0, 102);
INSERT INTO Llits (CodiLlit, Ocupat, ForaDeServei, HabitacioId) VALUES ('102B', 0, 0, 102);
INSERT INTO Llits (CodiLlit, Ocupat, ForaDeServei, HabitacioId) VALUES ('103A', 0, 0, 103);
INSERT INTO Llits (CodiLlit, Ocupat, ForaDeServei, HabitacioId) VALUES ('103B', 1, 0, 103);
INSERT INTO Llits (CodiLlit, Ocupat, ForaDeServei, HabitacioId) VALUES ('104A', 0, 0, 104);
INSERT INTO Llits (CodiLlit, Ocupat, ForaDeServei, HabitacioId) VALUES ('104B', 1, 0, 104);
INSERT INTO Llits (CodiLlit, Ocupat, ForaDeServei, HabitacioId) VALUES ('105A', 0, 0, 105);
INSERT INTO Llits (CodiLlit, Ocupat, ForaDeServei, HabitacioId) VALUES ('105B', 0, 0, 105);
INSERT INTO Llits (CodiLlit, Ocupat, ForaDeServei, HabitacioId) VALUES ('106A', 0, 0, 106);
INSERT INTO Llits (CodiLlit, Ocupat, ForaDeServei, HabitacioId) VALUES ('106B', 1, 0, 106);
INSERT INTO Llits (CodiLlit, Ocupat, ForaDeServei, HabitacioId) VALUES ('107A', 0, 0, 107);
INSERT INTO Llits (CodiLlit, Ocupat, ForaDeServei, HabitacioId) VALUES ('107B', 1, 0, 107);
INSERT INTO Llits (CodiLlit, Ocupat, ForaDeServei, HabitacioId) VALUES ('108A', 0, 0, 108);
INSERT INTO Llits (CodiLlit, Ocupat, ForaDeServei, HabitacioId) VALUES ('108B', 0, 0, 108);
INSERT INTO Llits (CodiLlit, Ocupat, ForaDeServei, HabitacioId) VALUES ('109A', 0, 0, 109);
INSERT INTO Llits (CodiLlit, Ocupat, ForaDeServei, HabitacioId) VALUES ('109B', 1, 0, 109);
INSERT INTO Llits (CodiLlit, Ocupat, ForaDeServei, HabitacioId) VALUES ('201A', 0, 0, 201);
INSERT INTO Llits (CodiLlit, Ocupat, ForaDeServei, HabitacioId) VALUES ('201B', 1, 0, 201);
INSERT INTO Llits (CodiLlit, Ocupat, ForaDeServei, HabitacioId) VALUES ('202A', 0, 0, 202);
INSERT INTO Llits (CodiLlit, Ocupat, ForaDeServei, HabitacioId) VALUES ('202B', 0, 0, 202);
INSERT INTO Llits (CodiLlit, Ocupat, ForaDeServei, HabitacioId) VALUES ('203A', 0, 1, 203);
INSERT INTO Llits (CodiLlit, Ocupat, ForaDeServei, HabitacioId) VALUES ('203B', 0, 0, 203);
INSERT INTO Llits (CodiLlit, Ocupat, ForaDeServei, HabitacioId) VALUES ('204A', 0, 0, 204);
INSERT INTO Llits (CodiLlit, Ocupat, ForaDeServei, HabitacioId) VALUES ('204B', 1, 0, 204);
INSERT INTO Llits (CodiLlit, Ocupat, ForaDeServei, HabitacioId) VALUES ('205A', 0, 0, 205);
INSERT INTO Llits (CodiLlit, Ocupat, ForaDeServei, HabitacioId) VALUES ('205B', 0, 0, 205);
INSERT INTO Llits (CodiLlit, Ocupat, ForaDeServei, HabitacioId) VALUES ('206A', 0, 1, 206);
INSERT INTO Llits (CodiLlit, Ocupat, ForaDeServei, HabitacioId) VALUES ('206B', 0, 0, 206);
INSERT INTO Llits (CodiLlit, Ocupat, ForaDeServei, HabitacioId) VALUES ('207A', 0, 0, 207);
INSERT INTO Llits (CodiLlit, Ocupat, ForaDeServei, HabitacioId) VALUES ('207B', 1, 0, 207);
INSERT INTO Llits (CodiLlit, Ocupat, ForaDeServei, HabitacioId) VALUES ('208A', 0, 0, 208);
INSERT INTO Llits (CodiLlit, Ocupat, ForaDeServei, HabitacioId) VALUES ('208B', 0, 0, 208);
INSERT INTO Llits (CodiLlit, Ocupat, ForaDeServei, HabitacioId) VALUES ('209A', 0, 1, 209);
INSERT INTO Llits (CodiLlit, Ocupat, ForaDeServei, HabitacioId) VALUES ('209B', 0, 0, 209);

INSERT INTO Pacients (DNI, NumSS, Nom, Sexe) VALUES ('12345678A', 'ABCD12345678', 'Naruto Uzumaki', 'M');
INSERT INTO Pacients (DNI, NumSS, Nom, Sexe) VALUES ('23456789B', 'EFGH23456789', 'Sakura Haruno', 'F');
INSERT INTO Pacients (DNI, NumSS, Nom, Sexe) VALUES ('34567890C', 'IJKL34567890', 'Sasuke Uchiha', 'M');
INSERT INTO Pacients (DNI, NumSS, Nom, Sexe) VALUES ('45678901D', 'MNOP45678901', 'Kakashi Hatake', 'M');
INSERT INTO Pacients (DNI, NumSS, Nom, Sexe) VALUES ('56789012E', 'QRST56789012', 'Hinata Hyuga', 'F');
INSERT INTO Pacients (DNI, NumSS, Nom, Sexe) VALUES ('67890123F', 'UVWX67890123', 'Shikamaru Nara', 'M');
INSERT INTO Pacients (DNI, NumSS, Nom, Sexe) VALUES ('78901234G', 'YZAB78901234', 'Ino Yamanaka', 'F');
INSERT INTO Pacients (DNI, NumSS, Nom, Sexe) VALUES ('89012345H', 'CDEF89012345', 'Choji Akimichi', 'M');
INSERT INTO Pacients (DNI, NumSS, Nom, Sexe) VALUES ('90123456I', 'GHIJ90123456', 'Kiba Inuzuka', 'M');
INSERT INTO Pacients (DNI, NumSS, Nom, Sexe) VALUES ('01234567J', 'KLMN01234567', 'Shino Aburame', 'M');
INSERT INTO Pacients (DNI, NumSS, Nom, Sexe) VALUES ('11223344A', 'OPQR11223344', 'Rock Lee', 'M');
INSERT INTO Pacients (DNI, NumSS, Nom, Sexe) VALUES ('22334455B', 'STUV22334455', 'Neji Hyuga', 'M');
INSERT INTO Pacients (DNI, NumSS, Nom, Sexe) VALUES ('33445566C', 'WXYZ33445566', 'Tenten', 'F');
INSERT INTO Pacients (DNI, NumSS, Nom, Sexe) VALUES ('44556677D', 'ABCD44556677', 'Gaara', 'M');
INSERT INTO Pacients (DNI, NumSS, Nom, Sexe) VALUES ('55667788E', 'EFGH55667788', 'Temari', 'F');
INSERT INTO Pacients (DNI, NumSS, Nom, Sexe) VALUES ('66778899F', 'IJKL66778899', 'Kankuro', 'M');
INSERT INTO Pacients (DNI, NumSS, Nom, Sexe) VALUES ('77889900G', 'MNOP77889900', 'Tsunade', 'F');
INSERT INTO Pacients (DNI, NumSS, Nom, Sexe) VALUES ('88990011H', 'QRST88990011', 'Jiraiya', 'M');
INSERT INTO Pacients (DNI, NumSS, Nom, Sexe) VALUES ('99001122I', 'UVWX99001122', 'Orochimaru', 'M');
INSERT INTO Pacients (DNI, NumSS, Nom, Sexe) VALUES ('10020030J', 'YZAB10020030', 'Madara Uchiha', 'M');
INSERT INTO Pacients (DNI, NumSS, Nom, Sexe) VALUES ('11022033A', 'CDEF11022033', 'Itachi Uchiha', 'M');
INSERT INTO Pacients (DNI, NumSS, Nom, Sexe) VALUES ('12023034B', 'GHIJ12023034', 'Obito Uchiha', 'M');
INSERT INTO Pacients (DNI, NumSS, Nom, Sexe) VALUES ('13024035C', 'KLMN13024035', 'Kisame Hoshigaki', 'M');
INSERT INTO Pacients (DNI, NumSS, Nom, Sexe) VALUES ('14025036D', 'OPQR14025036', 'Deidara', 'M');
INSERT INTO Pacients (DNI, NumSS, Nom, Sexe) VALUES ('15026037E', 'STUV15026037', 'Sasori', 'M');
INSERT INTO Pacients (DNI, NumSS, Nom, Sexe) VALUES ('16027038F', 'WXYZ16027038', 'Konan', 'F');
INSERT INTO Pacients (DNI, NumSS, Nom, Sexe) VALUES ('17028039G', 'ABCD17028039', 'Nagato', 'M');
INSERT INTO Pacients (DNI, NumSS, Nom, Sexe) VALUES ('18029040H', 'EFGH18029040', 'Hidan', 'M');
INSERT INTO Pacients (DNI, NumSS, Nom, Sexe) VALUES ('19030041I', 'IJKL19030041', 'Kakuzu', 'M');
INSERT INTO Pacients (DNI, NumSS, Nom, Sexe) VALUES ('20031042J', 'MNOP20031042', 'Zabuza Momochi', 'M');

INSERT INTO EpisodisMedics (DataObertura, DataTancament, PacientId, Dolencia, Estat) VALUES ('2024-01-01', '2024-01-10', '12345678A', 'Dolor de cabeza', 'Resuelto');
INSERT INTO EpisodisMedics (DataObertura, DataTancament, PacientId, Dolencia, Estat) VALUES ('2024-02-01', NULL, '23456789B', 'Fractura de brazo', 'Crítico');
INSERT INTO EpisodisMedics (DataObertura, DataTancament, PacientId, Dolencia, Estat) VALUES ('2024-03-01', '2024-03-15', '34567890C', 'Gripe', 'Resuelto');
INSERT INTO EpisodisMedics (DataObertura, DataTancament, PacientId, Dolencia, Estat) VALUES ('2024-04-01', NULL, '45678901D', 'Dolor de espalda', 'Estable');
INSERT INTO EpisodisMedics (DataObertura, DataTancament, PacientId, Dolencia, Estat) VALUES ('2024-05-01', '2024-05-20', '56789012E', 'Alergia', 'Resuelto');
INSERT INTO EpisodisMedics (DataObertura, DataTancament, PacientId, Dolencia, Estat) VALUES ('2024-06-01', NULL, '67890123F', 'Hipertensión', 'Estable');
INSERT INTO EpisodisMedics (DataObertura, DataTancament, PacientId, Dolencia, Estat) VALUES ('2024-07-01', '2024-07-10', '78901234G', 'Infección urinaria', 'Resuelto');
INSERT INTO EpisodisMedics (DataObertura, DataTancament, PacientId, Dolencia, Estat) VALUES ('2024-08-01', NULL, '89012345H', 'Asma', 'Crítico');
INSERT INTO EpisodisMedics (DataObertura, DataTancament, PacientId, Dolencia, Estat) VALUES ('2024-09-01', '2024-09-15', '90123456I', 'Conjuntivitis', 'Resuelto');
INSERT INTO EpisodisMedics (DataObertura, DataTancament, PacientId, Dolencia, Estat) VALUES ('2024-10-01', NULL, '01234567J', 'Artritis', 'Estable');
INSERT INTO EpisodisMedics (DataObertura, DataTancament, PacientId, Dolencia, Estat) VALUES ('2024-01-05', '2024-01-15', '11223344A', 'Migraña', 'Resuelto');
INSERT INTO EpisodisMedics (DataObertura, DataTancament, PacientId, Dolencia, Estat) VALUES ('2024-02-10', NULL, '22334455B', 'Dermatitis', 'Crítico');
INSERT INTO EpisodisMedics (DataObertura, DataTancament, PacientId, Dolencia, Estat) VALUES ('2024-03-20', '2024-04-05', '33445566C', 'Bronquitis', 'Resuelto');
INSERT INTO EpisodisMedics (DataObertura, DataTancament, PacientId, Dolencia, Estat) VALUES ('2024-04-10', NULL, '44556677D', 'Colesterol alto', 'Estable');
INSERT INTO EpisodisMedics (DataObertura, DataTancament, PacientId, Dolencia, Estat) VALUES ('2024-05-15', '2024-06-01', '55667788E', 'Otitis', 'Resuelto');
INSERT INTO EpisodisMedics (DataObertura, DataTancament, PacientId, Dolencia, Estat) VALUES ('2024-06-20', NULL, '66778899F', 'Dolor abdominal', 'Estable');
INSERT INTO EpisodisMedics (DataObertura, DataTancament, PacientId, Dolencia, Estat) VALUES ('2024-07-05', '2024-07-20', '77889900G', 'Esguince de tobillo', 'Resuelto');
INSERT INTO EpisodisMedics (DataObertura, DataTancament, PacientId, Dolencia, Estat) VALUES ('2024-08-10', NULL, '88990011H', 'Diabetes', 'Crítico');
INSERT INTO EpisodisMedics (DataObertura, DataTancament, PacientId, Dolencia, Estat) VALUES ('2024-09-15', '2024-09-30', '99001122I', 'Gastroenteritis', 'Resuelto');
INSERT INTO EpisodisMedics (DataObertura, DataTancament, PacientId, Dolencia, Estat) VALUES ('2024-10-20', NULL, '10020030J', 'Insuficiencia renal', 'Crítico');
INSERT INTO EpisodisMedics (DataObertura, DataTancament, PacientId, Dolencia, Estat) VALUES ('2024-11-01', '2024-11-15', '11022033A', 'Enfermedad pulmonar', 'Resuelto');
INSERT INTO EpisodisMedics (DataObertura, DataTancament, PacientId, Dolencia, Estat) VALUES ('2024-12-05', NULL, '12023034B', 'Faringitis', 'Estable');
INSERT INTO EpisodisMedics (DataObertura, DataTancament, PacientId, Dolencia, Estat) VALUES ('2024-01-15', '2024-02-01', '13024035C', 'Apendicitis', 'Resuelto');
INSERT INTO EpisodisMedics (DataObertura, DataTancament, PacientId, Dolencia, Estat) VALUES ('2024-02-20', NULL, '14025036D', 'Esclerosis múltiple', 'Crítico');
INSERT INTO EpisodisMedics (DataObertura, DataTancament, PacientId, Dolencia, Estat) VALUES ('2024-03-25', '2024-04-10', '15026037E', 'Gota', 'Resuelto');
INSERT INTO EpisodisMedics (DataObertura, DataTancament, PacientId, Dolencia, Estat) VALUES ('2024-04-30', NULL, '16027038F', 'Aspergillosis', 'Crítico');
INSERT INTO EpisodisMedics (DataObertura, DataTancament, PacientId, Dolencia, Estat) VALUES ('2024-05-20', '2024-06-05', '17028039G', 'Aneurisma', 'Resuelto');
INSERT INTO EpisodisMedics (DataObertura, DataTancament, PacientId, Dolencia, Estat) VALUES ('2024-06-15', NULL, '18029040H', 'Insomnio', 'Estable');
INSERT INTO EpisodisMedics (DataObertura, DataTancament, PacientId, Dolencia, Estat) VALUES ('2024-07-25', '2024-08-10', '19030041I', 'Neumonía', 'Resuelto');
INSERT INTO EpisodisMedics (DataObertura, DataTancament, PacientId, Dolencia, Estat) VALUES ('2024-08-20', NULL, '20031042J', 'Cardiopatía', 'Crítico');


INSERT INTO Personals (DNI, Especialitat, Nom) VALUES ('A1234567A', 'Cirujano', 'Luke Skywalker');
INSERT INTO Personals (DNI, Especialitat, Nom) VALUES ('B2345678B', 'Pediatra', 'Leia Organa');
INSERT INTO Personals (DNI, Especialitat, Nom) VALUES ('C3456789C', 'Enfermero', 'Han Solo');
INSERT INTO Personals (DNI, Especialitat, Nom) VALUES ('D4567890D', 'Dermatólogo', 'Obi-Wan Kenobi');
INSERT INTO Personals (DNI, Especialitat, Nom) VALUES ('E5678901E', 'Oncólogo', 'Yoda');
INSERT INTO Personals (DNI, Especialitat, Nom) VALUES ('F6789012F', 'Psicólogo', 'Darth Vader');
INSERT INTO Personals (DNI, Especialitat, Nom) VALUES ('G7890123G', 'Enfermera', 'Padmé Amidala');
INSERT INTO Personals (DNI, Especialitat, Nom) VALUES ('H8901234H', 'Enfermero', 'Mace Windu');
INSERT INTO Personals (DNI, Especialitat, Nom) VALUES ('I9012345I', 'Urólogo', 'Qui-Gon Jinn');
INSERT INTO Personals (DNI, Especialitat, Nom) VALUES ('J0123456J', 'Neumóloga', 'Rey');

INSERT INTO Consultes (Urgencia, Sintomatologia, Recepta, PersonalId, EpisodiMedicId) VALUES ('true', 'Dolor intenso en el pecho', 'Análisis y descanso', 'A1234567A', 1);
INSERT INTO Consultes (Urgencia, Sintomatologia, Recepta, PersonalId, EpisodiMedicId) VALUES ('false', 'Fiebre alta y tos', NULL, 'B2345678B', 2);
INSERT INTO Consultes (Urgencia, Sintomatologia, Recepta, PersonalId, EpisodiMedicId) VALUES ('true', 'Dolor abdominal severo', 'Cirugía recomendada', 'C3456789C', 3);
INSERT INTO Consultes (Urgencia, Sintomatologia, Recepta, PersonalId, EpisodiMedicId) VALUES ('false', 'Dolor lumbar persistente', 'Ejercicios y fisioterapia', 'D4567890D', 4);
INSERT INTO Consultes (Urgencia, Sintomatologia, Recepta, PersonalId, EpisodiMedicId) VALUES ('true', 'Reacción alérgica severa', NULL, 'E5678901E', 5);
INSERT INTO Consultes (Urgencia, Sintomatologia, Recepta, PersonalId, EpisodiMedicId) VALUES ('false', 'Presión arterial elevada', 'Medicamentos antihipertensivos', 'F6789012F', 6);
INSERT INTO Consultes (Urgencia, Sintomatologia, Recepta, PersonalId, EpisodiMedicId) VALUES ('true', 'Infección grave', 'Antibióticos intravenosos', 'G7890123G', 7);
INSERT INTO Consultes (Urgencia, Sintomatologia, Recepta, PersonalId, EpisodiMedicId) VALUES ('false', 'Dificultad para respirar', 'Inhaladores y seguimiento', 'H8901234H', 8);
INSERT INTO Consultes (Urgencia, Sintomatologia, Recepta, PersonalId, EpisodiMedicId) VALUES ('true', 'Crisis asmática', 'Esteroides y monitorización', 'I9012345I', 9);
INSERT INTO Consultes (Urgencia, Sintomatologia, Recepta, PersonalId, EpisodiMedicId) VALUES ('false', 'Dolor en articulaciones', 'Anti-inflamatorios y terapia', 'J0123456J', 10);
INSERT INTO Consultes (Urgencia, Sintomatologia, Recepta, PersonalId, EpisodiMedicId) VALUES ('true', 'Deshidratación severa', 'Rehidratación intravenosa', 'A1234567A', 11);
INSERT INTO Consultes (Urgencia, Sintomatologia, Recepta, PersonalId, EpisodiMedicId) VALUES ('false', 'Esguince leve', 'Reposo y vendaje', 'B2345678B', 12);
INSERT INTO Consultes (Urgencia, Sintomatologia, Recepta, PersonalId, EpisodiMedicId) VALUES ('true', 'Hemorragia nasal intensa', 'Cauterización y tratamiento', 'C3456789C', 13);
INSERT INTO Consultes (Urgencia, Sintomatologia, Recepta, PersonalId, EpisodiMedicId) VALUES ('false', 'Dolor de garganta', 'Antibióticos y gargarismos', 'D4567890D', 14);
INSERT INTO Consultes (Urgencia, Sintomatologia, Recepta, PersonalId, EpisodiMedicId) VALUES ('true', 'Fractura compuesta', 'Cirugía y yeso', 'E5678901E', 15);
INSERT INTO Consultes (Urgencia, Sintomatologia, Recepta, PersonalId, EpisodiMedicId) VALUES ('false', 'Insomnio severo', 'Medicación y terapia', 'F6789012F', 1);
INSERT INTO Consultes (Urgencia, Sintomatologia, Recepta, PersonalId, EpisodiMedicId) VALUES ('true', 'Cetoacidosis diabética', 'Insulina y líquidos', 'G7890123G', 3);
INSERT INTO Consultes (Urgencia, Sintomatologia, Recepta, PersonalId, EpisodiMedicId) VALUES ('false', 'Colitis leve', 'Dieta y medicamentos', 'H8901234H', 2);
INSERT INTO Consultes (Urgencia, Sintomatologia, Recepta, PersonalId, EpisodiMedicId) VALUES ('true', 'Intoxicación alimentaria', 'Desintoxicación y líquidos', 'I9012345I', 5);
INSERT INTO Consultes (Urgencia, Sintomatologia, Recepta, PersonalId, EpisodiMedicId) VALUES ('false', 'Sinusitis', 'Descongestionantes y analgésicos', 'J0123456J', 10);
INSERT INTO Consultes (Urgencia, Sintomatologia, Recepta, PersonalId, EpisodiMedicId) VALUES ('true', 'Crisis hipertensiva', 'Medicamentos antihipertensivos y monitoreo', 'A1234567A', 2);
INSERT INTO Consultes (Urgencia, Sintomatologia, Recepta, PersonalId, EpisodiMedicId) VALUES ('false', 'Contusión en brazo', 'Reposo y hielo', 'B2345678B', 8);
INSERT INTO Consultes (Urgencia, Sintomatologia, Recepta, PersonalId, EpisodiMedicId) VALUES ('true', 'Dolor torácico agudo', 'Evaluación cardiaca urgente', 'C3456789C', 9);
INSERT INTO Consultes (Urgencia, Sintomatologia, Recepta, PersonalId, EpisodiMedicId) VALUES ('false', 'Náuseas y vómitos', 'Anti-eméticos y líquidos', 'D4567890D', 4);
INSERT INTO Consultes (Urgencia, Sintomatologia, Recepta, PersonalId, EpisodiMedicId) VALUES ('true', 'Infección severa', 'Antibióticos intravenosos y observación', 'E5678901E', 15);
INSERT INTO Consultes (Urgencia, Sintomatologia, Recepta, PersonalId, EpisodiMedicId) VALUES ('false', 'Fatiga crónica', 'Exámenes y cambios de estilo de vida', 'F6789012F', 16);
INSERT INTO Consultes (Urgencia, Sintomatologia, Recepta, PersonalId, EpisodiMedicId) VALUES ('true', 'Reacción alérgica severa', 'Adrenalina y monitoreo', 'G7890123G', 17);
INSERT INTO Consultes (Urgencia, Sintomatologia, Recepta, PersonalId, EpisodiMedicId) VALUES ('false', 'Tensión muscular', 'Masajes y estiramientos', 'H8901234H', 18);
INSERT INTO Consultes (Urgencia, Sintomatologia, Recepta, PersonalId, EpisodiMedicId) VALUES ('true', 'Infección respiratoria grave', 'Antibióticos y oxígeno', 'I9012345I', 9);
INSERT INTO Consultes (Urgencia, Sintomatologia, Recepta, PersonalId, EpisodiMedicId) VALUES ('false', 'Dolor de articulaciones', 'Anti-inflamatorios y terapia física', 'J0123456J', 14);

INSERT INTO Ingressos (DataEntrada, DataSortida, EpisodiMedicId, LlitId) VALUES ('2024-01-01', '2024-01-10', 1, '101A');
INSERT INTO Ingressos (DataEntrada, DataSortida, EpisodiMedicId, LlitId) VALUES ('2024-02-01', NULL, 2, '202B');
INSERT INTO Ingressos (DataEntrada, DataSortida, EpisodiMedicId, LlitId) VALUES ('2024-03-01', '2024-03-15', 3, '203A');
INSERT INTO Ingressos (DataEntrada, DataSortida, EpisodiMedicId, LlitId) VALUES ('2024-04-01', NULL, 4, '204B');
INSERT INTO Ingressos (DataEntrada, DataSortida, EpisodiMedicId, LlitId) VALUES ('2024-05-01', '2024-05-20', 5, '105A');
INSERT INTO Ingressos (DataEntrada, DataSortida, EpisodiMedicId, LlitId) VALUES ('2024-06-01', NULL, 6, '106B');
INSERT INTO Ingressos (DataEntrada, DataSortida, EpisodiMedicId, LlitId) VALUES ('2024-07-01', '2024-07-10', 7, '107A');
INSERT INTO Ingressos (DataEntrada, DataSortida, EpisodiMedicId, LlitId) VALUES ('2024-08-01', NULL, 8, '108B');
INSERT INTO Ingressos (DataEntrada, DataSortida, EpisodiMedicId, LlitId) VALUES ('2024-09-01', '2024-09-15', 9, '109A');
INSERT INTO Ingressos (DataEntrada, DataSortida, EpisodiMedicId, LlitId) VALUES ('2024-10-01', NULL, 10, '110A');

